name,image
Arvesta Kelly,https://raw.githubusercontent.com/AaronShevire/Image-Address/main/images/Arvesta%20Kelly.png
Bill Keller,https://raw.githubusercontent.com/AaronShevire/Image-Address/main/images/Bill%20Keller.png
Bob Warren,https://raw.githubusercontent.com/AaronShevire/Image-Address/main/images/Bob%20Warren.png
Bobby Edmonds,https://raw.githubusercontent.com/AaronShevire/Image-Address/main/images/Bobby%20Edmonds.png
Bobby Hooper,https://raw.githubusercontent.com/AaronShevire/Image-Address/main/images/Bobby%20Hooper.png
Bruce Bowen,https://raw.githubusercontent.com/AaronShevire/Image-Address/main/images/Bruce%20Bowen.png
Bryon Russell,https://raw.githubusercontent.com/AaronShevire/Image-Address/main/images/Bryon%20Russell.png
Chico Vaughn,https://raw.githubusercontent.com/AaronShevire/Image-Address/main/images/Chico%20Vaughn.png
Connie Hawkins,https://raw.githubusercontent.com/AaronShevire/Image-Address/main/images/Connie%20Hawkins.png
Danny Green,https://raw.githubusercontent.com/AaronShevire/Image-Address/main/images/Danny%20Green.png
Derek Fisher,https://raw.githubusercontent.com/AaronShevire/Image-Address/main/images/Derek%20Fisher.png
Ervin Inniger,https://raw.githubusercontent.com/AaronShevire/Image-Address/main/images/Ervin%20Inniger.png
George Stone,https://raw.githubusercontent.com/AaronShevire/Image-Address/main/images/George%20Stone.png
Glen Combs,https://raw.githubusercontent.com/AaronShevire/Image-Address/main/images/Glen%20Combs.png
Hal Hale,https://raw.githubusercontent.com/AaronShevire/Image-Address/main/images/Hal%20Hale.png
J.R. Smith,https://raw.githubusercontent.com/AaronShevire/Image-Address/main/images/J.R.%20Smith.png
Jayson Tatum,https://raw.githubusercontent.com/AaronShevire/Image-Address/main/images/Jayson%20Tatum.png
Jeff Congdon,https://raw.githubusercontent.com/AaronShevire/Image-Address/main/images/Jeff%20Congdon.png
Jeff Hornacek,https://raw.githubusercontent.com/AaronShevire/Image-Address/main/images/Jeff%20Hornacek.png
Jimmy Rayl,https://raw.githubusercontent.com/AaronShevire/Image-Address/main/images/Jimmy%20Rayl.png
John Fairchild,https://raw.githubusercontent.com/AaronShevire/Image-Address/main/images/John%20Fairchild.png
Kenny Smith,https://raw.githubusercontent.com/AaronShevire/Image-Address/main/images/Kenny%20Smith.png
Manu Ginóbili,https://raw.githubusercontent.com/AaronShevire/Image-Address/main/images/Manu%20Gin%C3%B3bili.png
Merv Jackson,https://raw.githubusercontent.com/AaronShevire/Image-Address/main/images/Merv%20Jackson.png
Mike Barrett,https://raw.githubusercontent.com/AaronShevire/Image-Address/main/images/Mike%20Barrett.png
Mike Butler,https://raw.githubusercontent.com/AaronShevire/Image-Address/main/images/Mike%20Butler.png
Rick Mount,https://raw.githubusercontent.com/AaronShevire/Image-Address/main/images/Rick%20Mount.png
Robert Horry,https://raw.githubusercontent.com/AaronShevire/Image-Address/main/images/Robert%20Horry.png
Ron Perry,https://raw.githubusercontent.com/AaronShevire/Image-Address/main/images/Ron%20Perry.png
Ron Widby,https://raw.githubusercontent.com/AaronShevire/Image-Address/main/images/Ron%20Widby.png
Steve Smith,https://raw.githubusercontent.com/AaronShevire/Image-Address/main/images/Steve%20Smith.png
Wendell Ladner,https://raw.githubusercontent.com/AaronShevire/Image-Address/main/images/Wendell%20Ladner.png
Willie Somerset,https://raw.githubusercontent.com/AaronShevire/Image-Address/main/images/Willie%20Somerset.png
